{
  "scale_x": 1.3138050819085654,
  "scale_y": 1.40756391224247,
  "offset_x": 165.30485222979303,
  "offset_y": 11.810089406163076
}